Type_1,Type_2,Type_3,image_name
0.2091749757528305,0.49842870235443115,0.29239630699157715,0.jpg
0.1478556990623474,0.48019373416900635,0.37195059657096863,1.jpg
0.31957143545150757,0.5601365566253662,0.12029202282428741,10.jpg
0.21399420499801636,0.5966073870658875,0.18939845263957977,100.jpg
0.19173173606395721,0.5542710423469543,0.25399720668792725,101.jpg
0.13327641785144806,0.5051077604293823,0.3616158366203308,102.jpg
0.14919419586658478,0.5347400307655334,0.3160657584667206,103.jpg
0.1139855906367302,0.46984362602233887,0.41617077589035034,104.jpg
0.26242783665657043,0.5119629502296448,0.2256091684103012,105.jpg
0.13940536975860596,0.5112708806991577,0.34932374954223633,106.jpg
0.06515654176473618,0.3597627878189087,0.5750806927680969,107.jpg
0.10865513235330582,0.40678951144218445,0.48455530405044556,108.jpg
0.12213106453418732,0.4104929566383362,0.4673759639263153,109.jpg
0.09111575782299042,0.4376995265483856,0.47118476033210754,11.jpg
0.17724359035491943,0.5927405953407288,0.2300158441066742,110.jpg
0.3017268776893616,0.566036581993103,0.1322365254163742,111.jpg
0.1219516471028328,0.4772689640522003,0.4007793962955475,112.jpg
0.21024709939956665,0.5865893363952637,0.20316357910633087,113.jpg
0.1384681612253189,0.42680680751800537,0.4347250759601593,114.jpg
0.14864623546600342,0.5144270658493042,0.33692666888237,115.jpg
0.08900986611843109,0.3557119369506836,0.5552781820297241,116.jpg
0.3013814091682434,0.5183221101760864,0.18029652535915375,117.jpg
0.06600923091173172,0.3468185067176819,0.5871723294258118,118.jpg
0.4405825138092041,0.40237030386924744,0.157047301530838,119.jpg
0.10061490535736084,0.3961191177368164,0.5032660365104675,12.jpg
0.16956168413162231,0.4870082437992096,0.34343013167381287,120.jpg
0.09648066014051437,0.4762133061885834,0.4273059666156769,121.jpg
0.07402444630861282,0.374067485332489,0.551908016204834,122.jpg
0.24403391778469086,0.5923780202865601,0.16358806192874908,123.jpg
0.11393804103136063,0.39316990971565247,0.4928921163082123,124.jpg
0.1295810490846634,0.5045732855796814,0.365845650434494,125.jpg
0.2353999763727188,0.5932047367095947,0.17139525711536407,126.jpg
0.1281272917985916,0.4864877760410309,0.38538485765457153,127.jpg
0.38976240158081055,0.5156732201576233,0.09456434100866318,128.jpg
0.37223711609840393,0.5344650745391846,0.09329782426357269,129.jpg
0.10788407921791077,0.40101727843284607,0.4910985827445984,13.jpg
0.24402061104774475,0.5464635491371155,0.20951585471630096,130.jpg
0.07999953627586365,0.3723568916320801,0.5476436614990234,131.jpg
0.30282604694366455,0.5841581225395203,0.11301590502262115,132.jpg
0.0690116137266159,0.3597022294998169,0.5712862014770508,133.jpg
0.24065837264060974,0.6085297465324402,0.1508118361234665,134.jpg
0.20064620673656464,0.4661417603492737,0.3332120180130005,135.jpg
0.17627277970314026,0.5982286334037781,0.22549860179424286,136.jpg
0.1042410209774971,0.4904458820819855,0.405313104391098,137.jpg
0.10929327458143234,0.4152716100215912,0.47543513774871826,138.jpg
0.3842877745628357,0.535405158996582,0.08030711859464645,139.jpg
0.08082633465528488,0.4415209889411926,0.47765272855758667,14.jpg
0.25891655683517456,0.5537272095680237,0.18735621869564056,140.jpg
0.0974542573094368,0.37888818979263306,0.5236575603485107,141.jpg
0.40231454372406006,0.5167853236198425,0.08090008050203323,142.jpg
0.17016051709651947,0.45603495836257935,0.37380456924438477,143.jpg
0.29361414909362793,0.5759599804878235,0.13042591512203217,144.jpg
0.09049826860427856,0.49519965052604675,0.4143020212650299,145.jpg
0.30157336592674255,0.5749413371086121,0.12348528206348419,146.jpg
0.1357904076576233,0.5941190719604492,0.27009057998657227,147.jpg
0.21992585062980652,0.6033524870872498,0.17672161757946014,148.jpg
0.14653323590755463,0.5187954902648926,0.3346711993217468,149.jpg
0.08381184190511703,0.35746005177497864,0.5587280988693237,15.jpg
0.27739906311035156,0.5963836908340454,0.12621727585792542,150.jpg
0.14549466967582703,0.42738163471221924,0.4271237552165985,151.jpg
0.15112051367759705,0.5607439279556274,0.2881356179714203,152.jpg
0.08845829218626022,0.4290320873260498,0.4825095534324646,153.jpg
0.40693238377571106,0.5102846622467041,0.08278300613164902,154.jpg
0.18947431445121765,0.5767064094543457,0.23381920158863068,155.jpg
0.08972344547510147,0.403013676404953,0.5072628855705261,156.jpg
0.23725493252277374,0.5941776037216187,0.16856753826141357,157.jpg
0.07620200514793396,0.4586779475212097,0.4651200771331787,158.jpg
0.16560013592243195,0.46724289655685425,0.3671569228172302,159.jpg
0.08459410071372986,0.4955974817276001,0.41980835795402527,16.jpg
0.3415009379386902,0.5513165593147278,0.10718245059251785,160.jpg
0.14625976979732513,0.46806007623672485,0.38568010926246643,161.jpg
0.19433994591236115,0.45820415019989014,0.3474559187889099,162.jpg
0.12343914061784744,0.5333551168441772,0.3432057499885559,163.jpg
0.1433902531862259,0.49435552954673767,0.36225423216819763,164.jpg
0.3989894390106201,0.5168716311454773,0.08413895964622498,165.jpg
0.4468189775943756,0.43691012263298035,0.11627095192670822,166.jpg
0.07457789033651352,0.3838266134262085,0.5415953993797302,167.jpg
0.27689996361732483,0.5740275382995605,0.1490725427865982,168.jpg
0.2810681164264679,0.5992327928543091,0.11969904601573944,169.jpg
0.2227279394865036,0.5398664474487305,0.23740558326244354,17.jpg
0.1549292504787445,0.5761922001838684,0.2688785195350647,170.jpg
0.11869172006845474,0.4332902133464813,0.44801807403564453,171.jpg
0.12034019827842712,0.44641026854515076,0.4332495331764221,172.jpg
0.11421035975217819,0.4008598029613495,0.4849298298358917,173.jpg
0.2058952897787094,0.6288537383079529,0.16525092720985413,174.jpg
0.08186382055282593,0.3710769712924957,0.547059178352356,175.jpg
0.11076882481575012,0.5052435994148254,0.3839876353740692,176.jpg
0.44037702679634094,0.4421103596687317,0.11751257628202438,177.jpg
0.14591997861862183,0.4336997866630554,0.42038026452064514,178.jpg
0.3245719373226166,0.518556535243988,0.15687143802642822,179.jpg
0.34093016386032104,0.5578277707099915,0.10124212503433228,18.jpg
0.09638360887765884,0.41068485379219055,0.4929315149784088,180.jpg
0.1407627910375595,0.593437671661377,0.26579946279525757,181.jpg
0.057645782828330994,0.3678819537162781,0.5744722485542297,182.jpg
0.17162251472473145,0.4816749393939972,0.34670254588127136,183.jpg
0.06246716529130936,0.367597371339798,0.5699353814125061,184.jpg
0.2992391884326935,0.5494869947433472,0.15127377212047577,185.jpg
0.20877861976623535,0.583220362663269,0.2080010324716568,186.jpg
0.10094970464706421,0.4223306179046631,0.4767196476459503,187.jpg
0.18003779649734497,0.5759954452514648,0.243966743350029,188.jpg
0.14820986986160278,0.43053197860717773,0.4212581217288971,189.jpg
0.09406541287899017,0.39841610193252563,0.507518470287323,19.jpg
0.0916123017668724,0.3943301737308502,0.514057457447052,190.jpg
0.08160119503736496,0.37462782859802246,0.543770968914032,191.jpg
0.20713098347187042,0.46185436844825745,0.3310146629810333,192.jpg
0.12363971024751663,0.41836658120155334,0.457993745803833,193.jpg
0.1174369752407074,0.48405927419662476,0.3985036611557007,194.jpg
0.17879857122898102,0.4658840596675873,0.3553173840045929,195.jpg
0.52684485912323,0.4082290232181549,0.06492611765861511,196.jpg
0.3411945700645447,0.55327969789505,0.10552573949098587,197.jpg
0.07871146500110626,0.4940836727619171,0.42720478773117065,198.jpg
0.09582608193159103,0.4176214635372162,0.4865524470806122,199.jpg
0.2630375027656555,0.6027775406837463,0.13418491184711456,2.jpg
0.42402350902557373,0.4977262318134308,0.07825030386447906,20.jpg
0.29374462366104126,0.5563207864761353,0.14993461966514587,200.jpg
0.22546041011810303,0.5645222663879395,0.21001732349395752,201.jpg
0.178578183054924,0.5111057162284851,0.31031617522239685,202.jpg
0.18797315657138824,0.5274668335914612,0.284559965133667,203.jpg
0.1635359227657318,0.4443584978580475,0.3921055793762207,204.jpg
0.0930907353758812,0.3796626329421997,0.5272465944290161,205.jpg
0.23615705966949463,0.47721943259239197,0.286623477935791,206.jpg
0.2121761441230774,0.47434917092323303,0.3134746849536896,207.jpg
0.09864026308059692,0.4108792841434479,0.4904804825782776,208.jpg
0.07214512676000595,0.3269386887550354,0.6009162068367004,209.jpg
0.3176109194755554,0.576205849647522,0.10618314892053604,21.jpg
0.062245991080999374,0.3263445198535919,0.6114094853401184,210.jpg
0.23096439242362976,0.5880330801010132,0.18100255727767944,211.jpg
0.17342928051948547,0.6092167496681213,0.217353954911232,212.jpg
0.23013104498386383,0.47389864921569824,0.29597029089927673,213.jpg
0.4487225115299225,0.46729686856269836,0.08398060500621796,214.jpg
0.3854054808616638,0.5332499146461487,0.0813445895910263,215.jpg
0.2813786566257477,0.5844080448150635,0.13421326875686646,216.jpg
0.5345926880836487,0.39932653307914734,0.06608071178197861,217.jpg
0.2696840465068817,0.5748158097267151,0.15550020337104797,218.jpg
0.10850083082914352,0.3970373272895813,0.4944618046283722,219.jpg
0.17707285284996033,0.5011290311813354,0.3217982053756714,22.jpg
0.20341646671295166,0.5922737121582031,0.20430988073349,220.jpg
0.1409953385591507,0.42688143253326416,0.4321231544017792,221.jpg
0.11612959951162338,0.4233265221118927,0.4605439007282257,222.jpg
0.12507568299770355,0.4445366859436035,0.4303876459598541,223.jpg
0.10022123157978058,0.38186588883399963,0.5179128646850586,224.jpg
0.17455510795116425,0.5163288712501526,0.30911606550216675,225.jpg
0.10841359198093414,0.4177338778972626,0.4738525450229645,226.jpg
0.15364870429039001,0.5435047745704651,0.3028464913368225,227.jpg
0.300101101398468,0.5718352198600769,0.12806372344493866,228.jpg
0.13827374577522278,0.5279443860054016,0.33378180861473083,229.jpg
0.09783534705638885,0.3839491605758667,0.518215537071228,23.jpg
0.1909286379814148,0.5544134378433228,0.2546578645706177,230.jpg
0.6648343801498413,0.286553293466568,0.04861234128475189,231.jpg
0.27145370841026306,0.5335786938667297,0.1949676275253296,232.jpg
0.31612876057624817,0.5379034876823425,0.1459677368402481,233.jpg
0.14536410570144653,0.43797966837882996,0.4166562259197235,234.jpg
0.21864043176174164,0.5919976830482483,0.18936191499233246,235.jpg
0.126410111784935,0.5215064287185669,0.35208338499069214,236.jpg
0.1858006715774536,0.5587865114212036,0.2554128170013428,237.jpg
0.09378522634506226,0.45780327916145325,0.4484114348888397,238.jpg
0.3035988211631775,0.5838979482650757,0.1125032976269722,239.jpg
0.27026182413101196,0.5712826251983643,0.15845559537410736,24.jpg
0.11976920813322067,0.4086548686027527,0.47157594561576843,240.jpg
0.3239058256149292,0.5690671801567078,0.10702695697546005,241.jpg
0.13637711107730865,0.4478159248828888,0.41580697894096375,242.jpg
0.326081246137619,0.5762183666229248,0.09770042449235916,243.jpg
0.08104080706834793,0.375971257686615,0.5429878830909729,244.jpg
0.2477022409439087,0.5984529852867126,0.15384483337402344,245.jpg
0.2879837155342102,0.5324071049690247,0.17960917949676514,246.jpg
0.08955549448728561,0.38860857486724854,0.5218359231948853,247.jpg
0.12352687120437622,0.40249213576316833,0.4739810824394226,248.jpg
0.13267290592193604,0.4142575263977051,0.45306965708732605,249.jpg
0.10273638367652893,0.5301209092140198,0.36714261770248413,25.jpg
0.205297589302063,0.46441811323165894,0.3302842974662781,250.jpg
0.10545767843723297,0.4756212532520294,0.41892102360725403,251.jpg
0.09952494502067566,0.4666160047054291,0.43385908007621765,252.jpg
0.1421724259853363,0.42758357524871826,0.4302440285682678,253.jpg
0.09523587673902512,0.3815365433692932,0.5232275724411011,254.jpg
0.19233804941177368,0.5367958545684814,0.2708660960197449,255.jpg
0.09492188692092896,0.39424362778663635,0.5108344554901123,256.jpg
0.2546031177043915,0.5696457028388977,0.175751194357872,257.jpg
0.06400366127490997,0.34487196803092957,0.5911244750022888,258.jpg
0.1024150624871254,0.4035104215145111,0.4940744936466217,259.jpg
0.3337852656841278,0.5388240814208984,0.12739059329032898,26.jpg
0.24277877807617188,0.56734299659729,0.1898781657218933,260.jpg
0.36227941513061523,0.5345861911773682,0.10313447564840317,261.jpg
0.23283933103084564,0.5816956162452698,0.18546511232852936,262.jpg
0.28842201828956604,0.5448105931282043,0.16676737368106842,263.jpg
0.12415576726198196,0.40480196475982666,0.47104230523109436,264.jpg
0.12431440502405167,0.4289799630641937,0.44670572876930237,265.jpg
0.20622074604034424,0.4667509198188782,0.32702842354774475,266.jpg
0.3994450271129608,0.5097404718399048,0.09081456065177917,267.jpg
0.3135559856891632,0.5651391744613647,0.12130486220121384,268.jpg
0.436132550239563,0.4819331169128418,0.08193432539701462,269.jpg
0.06271262466907501,0.36609238386154175,0.5711950063705444,27.jpg
0.07942729443311691,0.3773576319217682,0.5432150959968567,270.jpg
0.11352544277906418,0.497173935174942,0.3893006443977356,271.jpg
0.10986585170030594,0.469227135181427,0.42090708017349243,272.jpg
0.11062490195035934,0.42448729276657104,0.4648878872394562,273.jpg
0.22412189841270447,0.5716559290885925,0.20422224700450897,274.jpg
0.11778485774993896,0.46549490094184875,0.4167202115058899,275.jpg
0.12797126173973083,0.46842440962791443,0.40360432863235474,276.jpg
0.2605084776878357,0.5943454504013062,0.14514605700969696,277.jpg
0.16252316534519196,0.4881656765937805,0.3493111729621887,278.jpg
0.1497836709022522,0.43234774470329285,0.41786858439445496,279.jpg
0.26953259110450745,0.598970353603363,0.1314970701932907,28.jpg
0.4248867928981781,0.4424811005592346,0.13263213634490967,280.jpg
0.07731116563081741,0.3726937472820282,0.5499951243400574,281.jpg
0.19857415556907654,0.5728396773338318,0.22858624160289764,282.jpg
0.11132288724184036,0.4212612211704254,0.467415988445282,283.jpg
0.1129293441772461,0.38869184255599976,0.49837884306907654,284.jpg
0.3454391360282898,0.5413858890533447,0.11317486315965652,285.jpg
0.15660712122917175,0.459743469953537,0.38364937901496887,286.jpg
0.07851674407720566,0.35219427943229675,0.5692889094352722,287.jpg
0.20618405938148499,0.5532256960868835,0.24059031903743744,288.jpg
0.3494705557823181,0.5376979112625122,0.11283156275749207,289.jpg
0.0863429605960846,0.4252406060695648,0.4884164333343506,29.jpg
0.156794473528862,0.5236833691596985,0.3195221722126007,290.jpg
0.3605841100215912,0.5498581528663635,0.08955772966146469,291.jpg
0.2685650885105133,0.5481790900230408,0.1832558661699295,292.jpg
0.4161021411418915,0.4857640564441681,0.09813383966684341,293.jpg
0.24667178094387054,0.5982961654663086,0.15503205358982086,294.jpg
0.33646586537361145,0.5470477938652039,0.11648638546466827,295.jpg
0.2684824764728546,0.558346152305603,0.17317135632038116,296.jpg
0.20003968477249146,0.5184579491615295,0.281502366065979,297.jpg
0.1714920848608017,0.568352997303009,0.26015493273735046,298.jpg
0.12512029707431793,0.560894250869751,0.3139854073524475,299.jpg
0.08005432039499283,0.3689671754837036,0.5509786009788513,3.jpg
0.20055195689201355,0.4681367576122284,0.33131131529808044,30.jpg
0.25832557678222656,0.573962926864624,0.1677115112543106,300.jpg
0.12199702113866806,0.40665706992149353,0.4713459610939026,301.jpg
0.16807910799980164,0.5207077860832214,0.3112131357192993,302.jpg
0.10073160380125046,0.44732585549354553,0.4519425630569458,303.jpg
0.5738926529884338,0.3653882145881653,0.06071909889578819,304.jpg
0.1719067543745041,0.5350834131240845,0.29300975799560547,305.jpg
0.09231219440698624,0.4409513771533966,0.466736376285553,306.jpg
0.11337399482727051,0.4172457754611969,0.4693801999092102,307.jpg
0.39172518253326416,0.5180166363716125,0.09025812149047852,308.jpg
0.11271011829376221,0.401084303855896,0.48620545864105225,309.jpg
0.35843271017074585,0.5450419783592224,0.09652534127235413,31.jpg
0.1585019826889038,0.48734816908836365,0.35414981842041016,310.jpg
0.07840868830680847,0.4201901853084564,0.5014011263847351,311.jpg
0.30710044503211975,0.5874969959259033,0.10540250688791275,312.jpg
0.05958467721939087,0.34449827671051025,0.5959169864654541,313.jpg
0.20785802602767944,0.6114155054092407,0.18072645366191864,314.jpg
0.22551719844341278,0.5376695394515991,0.23681333661079407,315.jpg
0.1892821043729782,0.5681915879249573,0.24252629280090332,316.jpg
0.13163727521896362,0.418256014585495,0.4501067101955414,317.jpg
0.17758958041667938,0.5826174020767212,0.23979300260543823,318.jpg
0.18511787056922913,0.581200122833252,0.2336820363998413,319.jpg
0.09945599734783173,0.4356173276901245,0.4649266302585602,32.jpg
0.24887989461421967,0.5930531620979309,0.158066987991333,320.jpg
0.16429503262043,0.45178094506263733,0.3839240074157715,321.jpg
0.176350399851799,0.5159630179405212,0.30768662691116333,322.jpg
0.21043770015239716,0.6055331230163574,0.1840292066335678,323.jpg
0.18655481934547424,0.5566128492355347,0.2568323314189911,324.jpg
0.15682852268218994,0.4926902949810028,0.35048118233680725,325.jpg
0.09487450122833252,0.39342445135116577,0.5117010474205017,326.jpg
0.25595569610595703,0.48130571842193604,0.26273855566978455,327.jpg
0.24300235509872437,0.4876194894313812,0.2693781554698944,328.jpg
0.16698268055915833,0.5218600630760193,0.31115731596946716,329.jpg
0.0998588278889656,0.3895563781261444,0.5105847716331482,33.jpg
0.2002982497215271,0.5151198506355286,0.28458189964294434,330.jpg
0.3781220614910126,0.5270156264305115,0.09486237168312073,331.jpg
0.48540669679641724,0.41530418395996094,0.099289171397686,332.jpg
0.1232222318649292,0.4565894901752472,0.420188307762146,333.jpg
0.06763862073421478,0.3544261157512665,0.5779352784156799,334.jpg
0.10911089926958084,0.42579445242881775,0.46509459614753723,335.jpg
0.5128933191299438,0.4206174612045288,0.06648918241262436,336.jpg
0.23250225186347961,0.5036321878433228,0.26386553049087524,337.jpg
0.19365611672401428,0.6246416568756104,0.18170222640037537,338.jpg
0.11799141764640808,0.408945232629776,0.47306329011917114,339.jpg
0.0712343081831932,0.436804860830307,0.4919608235359192,34.jpg
0.30565717816352844,0.5441551804542542,0.15018753707408905,340.jpg
0.16956956684589386,0.4435531795024872,0.3868772089481354,341.jpg
0.06541310250759125,0.3902912735939026,0.544295608997345,342.jpg
0.10141800343990326,0.40095415711402893,0.4976278245449066,343.jpg
0.3673153519630432,0.5326287746429443,0.10005583614110947,344.jpg
0.23125717043876648,0.571061909198761,0.19768095016479492,345.jpg
0.23509253561496735,0.4810192286968231,0.2838882505893707,346.jpg
0.28295859694480896,0.5588424801826477,0.15819887816905975,347.jpg
0.08696027100086212,0.4083525836467743,0.5046870708465576,348.jpg
0.12431399524211884,0.513694703578949,0.36199134588241577,349.jpg
0.12510019540786743,0.45586535334587097,0.4190343916416168,35.jpg
0.08937215805053711,0.37598487734794617,0.5346428751945496,350.jpg
0.13138258457183838,0.41994109749794006,0.44867628812789917,351.jpg
0.27375587821006775,0.6090805530548096,0.1171635091304779,352.jpg
0.10086138546466827,0.384476900100708,0.5146617293357849,353.jpg
0.32083988189697266,0.5384495258331299,0.14071057736873627,354.jpg
0.649604856967926,0.2906736433506012,0.05972154065966606,355.jpg
0.30292028188705444,0.5826126933097839,0.11446703225374222,356.jpg
0.2007845640182495,0.47330015897750854,0.32591530680656433,357.jpg
0.2855685353279114,0.565657377243042,0.14877410233020782,358.jpg
0.09071699529886246,0.4053780138492584,0.5039050579071045,359.jpg
0.3875204026699066,0.5119842886924744,0.10049523413181305,36.jpg
0.27734872698783875,0.5937219262123108,0.12892942130565643,360.jpg
0.11627378314733505,0.4059664309024811,0.4777597486972809,361.jpg
0.18075206875801086,0.48967811465263367,0.32956984639167786,362.jpg
0.07759043574333191,0.38159576058387756,0.5408138632774353,363.jpg
0.05795247480273247,0.34137478470802307,0.6006727814674377,364.jpg
0.10118097811937332,0.5769981741905212,0.3218208849430084,365.jpg
0.06612666696310043,0.34116631746292114,0.5927069783210754,366.jpg
0.6283000707626343,0.3108022212982178,0.06089771166443825,367.jpg
0.10968610644340515,0.39757591485977173,0.4927379786968231,368.jpg
0.2666842043399811,0.5302945971488953,0.20302121341228485,369.jpg
0.6323241591453552,0.30152302980422974,0.06615278869867325,37.jpg
0.17340464890003204,0.5131059885025024,0.31348928809165955,370.jpg
0.37604421377182007,0.5338981747627258,0.0900576263666153,371.jpg
0.12127729505300522,0.402063250541687,0.47665947675704956,372.jpg
0.22485975921154022,0.5873993039131165,0.1877409964799881,373.jpg
0.11921986192464828,0.41994524002075195,0.4608348309993744,374.jpg
0.3448941111564636,0.5495021343231201,0.10560378432273865,375.jpg
0.09568237513303757,0.41673681139945984,0.4875807762145996,376.jpg
0.2949482798576355,0.5334186553955078,0.17163299024105072,377.jpg
0.12879212200641632,0.4586426019668579,0.41256529092788696,378.jpg
0.07499898225069046,0.3389161229133606,0.5860849618911743,379.jpg
0.11397546529769897,0.5256658792495728,0.3603586256504059,38.jpg
0.14942584931850433,0.4773657023906708,0.3732084631919861,380.jpg
0.11537962406873703,0.47047674655914307,0.4141436517238617,381.jpg
0.3079986870288849,0.539796769618988,0.15220457315444946,382.jpg
0.29290980100631714,0.5875869989395142,0.11950314790010452,383.jpg
0.08248835057020187,0.4414331316947937,0.47607851028442383,384.jpg
0.10762964934110641,0.5344582200050354,0.3579121232032776,385.jpg
0.1633111983537674,0.4565524458885193,0.3801363706588745,386.jpg
0.09164685010910034,0.42633816599845886,0.482014924287796,387.jpg
0.06897301971912384,0.3545079231262207,0.5765190124511719,388.jpg
0.2736313045024872,0.5541038513183594,0.17226484417915344,389.jpg
0.14671123027801514,0.5202744007110596,0.33301442861557007,39.jpg
0.11071444302797318,0.44397372007369995,0.44531193375587463,390.jpg
0.09862004220485687,0.39649346470832825,0.5048864483833313,391.jpg
0.1708846092224121,0.484306663274765,0.3448086977005005,392.jpg
0.08174826204776764,0.4027543365955353,0.5154973268508911,393.jpg
0.1635867953300476,0.45891889929771423,0.37749430537223816,394.jpg
0.21582122147083282,0.5828577876091003,0.20132093131542206,395.jpg
0.2287730723619461,0.5654622316360474,0.20576466619968414,396.jpg
0.2976684272289276,0.5592876076698303,0.14304398000240326,397.jpg
0.0760471373796463,0.39429739117622375,0.5296554565429688,398.jpg
0.08910416811704636,0.40661245584487915,0.5042833685874939,399.jpg
0.07334472984075546,0.4107784926891327,0.5158767700195312,4.jpg
0.13580600917339325,0.4264328181743622,0.43776121735572815,40.jpg
0.18265049159526825,0.5587713718414307,0.2585781514644623,400.jpg
0.18504220247268677,0.5046565532684326,0.3103012442588806,401.jpg
0.2546885311603546,0.5241995453834534,0.2211119681596756,402.jpg
0.34235045313835144,0.5574368238449097,0.1002126932144165,403.jpg
0.155913308262825,0.49955758452415466,0.3445291221141815,404.jpg
0.366801917552948,0.5304610729217529,0.10273697972297668,405.jpg
0.4279736280441284,0.4569835364818573,0.11504291743040085,406.jpg
0.23706011474132538,0.5976014733314514,0.16533838212490082,407.jpg
0.13316559791564941,0.42409461736679077,0.4427397549152374,408.jpg
0.14181126654148102,0.4494631588459015,0.4087255001068115,409.jpg
0.20510318875312805,0.5104244351387024,0.2844722867012024,41.jpg
0.0672207623720169,0.37605032324790955,0.5567288994789124,410.jpg
0.12965203821659088,0.5117807388305664,0.3585672080516815,411.jpg
0.1674935519695282,0.617094099521637,0.21541228890419006,412.jpg
0.228725403547287,0.47132036089897156,0.29995426535606384,413.jpg
0.09013230353593826,0.37903353571891785,0.5308341979980469,414.jpg
0.2548248767852783,0.6040269732475281,0.1411481499671936,415.jpg
0.3772355318069458,0.5300576686859131,0.09270678460597992,416.jpg
0.26101675629615784,0.5183895826339722,0.2205936461687088,417.jpg
0.13024063408374786,0.5170666575431824,0.35269269347190857,418.jpg
0.1380254030227661,0.5569795966148376,0.30499500036239624,419.jpg
0.14547084271907806,0.44530364871025085,0.40922555327415466,42.jpg
0.06901763379573822,0.3683449327945709,0.5626373887062073,420.jpg
0.1552763432264328,0.5563353300094604,0.28838837146759033,421.jpg
0.12369035929441452,0.4547393023967743,0.4215702712535858,422.jpg
0.053223058581352234,0.3237501382827759,0.6230267882347107,423.jpg
0.10580552369356155,0.45289552211761475,0.4412989616394043,424.jpg
0.11563760042190552,0.4267219007015228,0.45764049887657166,425.jpg
0.12975440919399261,0.510123610496521,0.36012202501296997,426.jpg
0.09960660338401794,0.45605161786079407,0.444341778755188,427.jpg
0.13158029317855835,0.5813187956809998,0.2871008813381195,428.jpg
0.1391434520483017,0.41819536685943604,0.44266122579574585,429.jpg
0.07330251485109329,0.35427892208099365,0.5724185109138489,43.jpg
0.196930393576622,0.591923713684082,0.21114589273929596,430.jpg
0.48792409896850586,0.44820690155029297,0.0638689398765564,431.jpg
0.12051645666360855,0.43724480271339417,0.4422387182712555,432.jpg
0.2779732048511505,0.481655091047287,0.2403717339038849,433.jpg
0.26062503457069397,0.559515118598938,0.17985981702804565,434.jpg
0.11893128603696823,0.43741121888160706,0.44365745782852173,435.jpg
0.3122028112411499,0.5537277460098267,0.13406945765018463,436.jpg
0.23576945066452026,0.5568189024925232,0.2074117213487625,437.jpg
0.25001248717308044,0.60112464427948,0.1488628387451172,438.jpg
0.11548047512769699,0.44003981351852417,0.44447967410087585,439.jpg
0.08893643319606781,0.5240426659584045,0.38702091574668884,44.jpg
0.12391570955514908,0.4141712784767151,0.46191298961639404,440.jpg
0.10588646680116653,0.45485055446624756,0.43926292657852173,441.jpg
0.5663776993751526,0.35588860511779785,0.07773369550704956,442.jpg
0.16040174663066864,0.4465121626853943,0.3930860161781311,443.jpg
0.2174968719482422,0.5575932264328003,0.22490985691547394,444.jpg
0.11218321323394775,0.4309050738811493,0.4569118022918701,445.jpg
0.17139728367328644,0.5453860759735107,0.28321659564971924,446.jpg
0.10618146508932114,0.504827082157135,0.38899141550064087,447.jpg
0.13160651922225952,0.4711238443851471,0.39726966619491577,448.jpg
0.2129458636045456,0.5553215146064758,0.23173265159130096,449.jpg
0.11348391324281693,0.4097532033920288,0.47676295042037964,45.jpg
0.09811695665121078,0.4590021073818207,0.44288092851638794,450.jpg
0.09034828096628189,0.48673516511917114,0.42291662096977234,451.jpg
0.08260931074619293,0.37962114810943604,0.5377695560455322,452.jpg
0.4593540132045746,0.4443616271018982,0.09628431499004364,453.jpg
0.18102005124092102,0.5572671890258789,0.2617127597332001,454.jpg
0.2902921438217163,0.5660368800163269,0.1436709761619568,455.jpg
0.3569304049015045,0.5361565351486206,0.10691308230161667,456.jpg
0.6047016382217407,0.3398808240890503,0.05541751906275749,457.jpg
0.2608110010623932,0.5726351141929626,0.16655389964580536,458.jpg
0.3253428339958191,0.5473533272743225,0.127303808927536,459.jpg
0.07557933777570724,0.4131261706352234,0.5112945437431335,46.jpg
0.4222595691680908,0.4965909421443939,0.0811493843793869,460.jpg
0.11764516681432724,0.4412694573402405,0.4410853683948517,461.jpg
0.24823378026485443,0.6191259026527405,0.13264033198356628,462.jpg
0.2327020913362503,0.5757009983062744,0.19159691035747528,463.jpg
0.33793720602989197,0.5363181233406067,0.12574456632137299,464.jpg
0.24528037011623383,0.5410675406455994,0.21365205943584442,465.jpg
0.31892746686935425,0.545034646987915,0.1360379010438919,466.jpg
0.16569143533706665,0.5956080555915833,0.23870056867599487,467.jpg
0.14244404435157776,0.5028567314147949,0.3546992540359497,468.jpg
0.14287613332271576,0.5378633737564087,0.31926047801971436,469.jpg
0.5143007636070251,0.4174867272377014,0.06821241974830627,47.jpg
0.22976556420326233,0.5842192769050598,0.18601524829864502,470.jpg
0.2046390026807785,0.5487644672393799,0.246596559882164,471.jpg
0.1624191552400589,0.5052375793457031,0.3323432505130768,472.jpg
0.17440196871757507,0.5148679614067078,0.3107300400733948,473.jpg
0.10098350048065186,0.4664507210254669,0.43256574869155884,474.jpg
0.2711070477962494,0.5477880835533142,0.18110479414463043,475.jpg
0.299325555562973,0.5849456191062927,0.11572887003421783,476.jpg
0.34952905774116516,0.5378314256668091,0.11263955384492874,477.jpg
0.23618675768375397,0.6017671823501587,0.16204608976840973,478.jpg
0.128694549202919,0.4193916916847229,0.4519137740135193,479.jpg
0.07639207690954208,0.40476086735725403,0.5188470482826233,48.jpg
0.25356659293174744,0.5666238069534302,0.1798095554113388,480.jpg
0.08440078049898148,0.3886075019836426,0.5269917249679565,481.jpg
0.3071110248565674,0.5769507884979248,0.11593817919492722,482.jpg
0.3740712106227875,0.5325018763542175,0.09342695027589798,483.jpg
0.10929958522319794,0.4880616366863251,0.4026387333869934,484.jpg
0.16728486120700836,0.4590465724468231,0.3736685514450073,485.jpg
0.06548052281141281,0.4182812571525574,0.5162382125854492,486.jpg
0.37950006127357483,0.5264030694961548,0.0940968245267868,487.jpg
0.228679820895195,0.4854283034801483,0.2858918309211731,488.jpg
0.17999649047851562,0.5107645392417908,0.309239000082016,489.jpg
0.13677221536636353,0.4333346486091614,0.4298931956291199,49.jpg
0.14226245880126953,0.5130809545516968,0.3446565270423889,490.jpg
0.17112787067890167,0.5920936465263367,0.23677848279476166,491.jpg
0.21342866122722626,0.5186103582382202,0.26796090602874756,492.jpg
0.1866382658481598,0.572026252746582,0.24133549630641937,493.jpg
0.19176842272281647,0.5710870027542114,0.2371445745229721,494.jpg
0.27635592222213745,0.5587347149848938,0.16490940749645233,495.jpg
0.14089061319828033,0.4237453043460846,0.43536412715911865,496.jpg
0.16473545134067535,0.525481641292572,0.30978289246559143,497.jpg
0.20863589644432068,0.5945491194725037,0.19681492447853088,498.jpg
0.10819847881793976,0.4045548439025879,0.4872467815876007,499.jpg
0.266216516494751,0.6081445217132568,0.12563902139663696,5.jpg
0.07793448120355606,0.35851314663887024,0.5635523796081543,50.jpg
0.15924756228923798,0.48300647735595703,0.3577459454536438,500.jpg
0.28862079977989197,0.5467391014099121,0.1646401286125183,501.jpg
0.0632488876581192,0.3669191300868988,0.5698320269584656,502.jpg
0.087750144302845,0.3987693786621094,0.513480544090271,503.jpg
0.10545974224805832,0.4137159585952759,0.4808242619037628,504.jpg
0.3404601514339447,0.5417788624763489,0.11776101589202881,505.jpg
0.25994810461997986,0.5400692820549011,0.1999826431274414,506.jpg
0.21375185251235962,0.5664514899253845,0.21979671716690063,507.jpg
0.09104554355144501,0.4042884111404419,0.5046660304069519,508.jpg
0.2256443053483963,0.5311385989189148,0.2432171106338501,509.jpg
0.6407933235168457,0.3048027455806732,0.054403986781835556,51.jpg
0.08847177028656006,0.38731008768081665,0.5242182016372681,510.jpg
0.09529395401477814,0.3804134726524353,0.524292528629303,511.jpg
0.10419310629367828,0.4440169632434845,0.45178988575935364,52.jpg
0.06788841634988785,0.3451545536518097,0.5869570374488831,53.jpg
0.1393127143383026,0.5312445163726807,0.32944273948669434,54.jpg
0.09169484674930573,0.3618128001689911,0.546492338180542,55.jpg
0.22142598032951355,0.5898462533950806,0.18872767686843872,56.jpg
0.19765345752239227,0.5123668313026428,0.2899796962738037,57.jpg
0.1875062733888626,0.5511601567268372,0.2613336145877838,58.jpg
0.629270613193512,0.3162787854671478,0.054450664669275284,59.jpg
0.2672441005706787,0.6017119884490967,0.1310439109802246,6.jpg
0.1857338547706604,0.5787792205810547,0.2354869544506073,60.jpg
0.2638334333896637,0.5934929847717285,0.1426735520362854,61.jpg
0.11143124848604202,0.487311989068985,0.4012567400932312,62.jpg
0.12644347548484802,0.4593382179737091,0.41421836614608765,63.jpg
0.589139997959137,0.34300315380096436,0.06785684823989868,64.jpg
0.6121463179588318,0.3333817422389984,0.05447196960449219,65.jpg
0.08948618918657303,0.3564278781414032,0.5540859699249268,66.jpg
0.12032932043075562,0.42968568205833435,0.44998496770858765,67.jpg
0.2067500203847885,0.5435006618499756,0.2497493475675583,68.jpg
0.1435469090938568,0.5454624891281128,0.310990571975708,69.jpg
0.08105996251106262,0.3623215854167938,0.5566184520721436,7.jpg
0.2140335589647293,0.5617961883544922,0.22417034208774567,70.jpg
0.16221526265144348,0.47158437967300415,0.36620032787323,71.jpg
0.314322292804718,0.552803635597229,0.13287410140037537,72.jpg
0.12730984389781952,0.42208266258239746,0.45060741901397705,73.jpg
0.14136065542697906,0.5580412745475769,0.30059805512428284,74.jpg
0.3333742320537567,0.5477290749549866,0.11889669299125671,75.jpg
0.15065781772136688,0.5023785829544067,0.3469635248184204,76.jpg
0.10672246664762497,0.40598902106285095,0.48728853464126587,77.jpg
0.07265358418226242,0.4714438021183014,0.45590266585350037,78.jpg
0.5491162538528442,0.38753005862236023,0.06335373967885971,79.jpg
0.2392713725566864,0.5517910122871399,0.2089376002550125,8.jpg
0.2027233988046646,0.5778882503509521,0.21938838064670563,80.jpg
0.23248258233070374,0.556816816329956,0.2107006162405014,81.jpg
0.2724335491657257,0.5968109965324402,0.13075537979602814,82.jpg
0.25698161125183105,0.4754611551761627,0.2675572335720062,83.jpg
0.2169872373342514,0.4819295406341553,0.30108317732810974,84.jpg
0.2972811162471771,0.5702594518661499,0.13245946168899536,85.jpg
0.1800297349691391,0.45854291319847107,0.36142733693122864,86.jpg
0.09358406066894531,0.3790101706981659,0.5274057984352112,87.jpg
0.33896687626838684,0.5660337209701538,0.09499945491552353,88.jpg
0.22097843885421753,0.4705173969268799,0.308504194021225,89.jpg
0.23498380184173584,0.5790099501609802,0.18600614368915558,9.jpg
0.12478166818618774,0.5860019326210022,0.2892163097858429,90.jpg
0.32663267850875854,0.5611781477928162,0.11218910664319992,91.jpg
0.07984281331300735,0.4353693127632141,0.4847879707813263,92.jpg
0.15871864557266235,0.5599021911621094,0.28137916326522827,93.jpg
0.32320621609687805,0.5519853234291077,0.12480847537517548,94.jpg
0.25700643658638,0.5321117639541626,0.21088173985481262,95.jpg
0.31192663311958313,0.5699114203453064,0.1181618794798851,96.jpg
0.2430286556482315,0.5575726628303528,0.19939875602722168,97.jpg
0.3426360785961151,0.5556573867797852,0.10170652717351913,98.jpg
0.08186152577400208,0.4388812780380249,0.47925710678100586,99.jpg
